institution_name,city,state,country
Academy of Art University,San Francisco,CA,United States
Adelphi University,Garden City,NY,United States
Adventist University of Health Sciences,Orlando,FL,United States
Alamance Community College,Graham,NC,United States
"Alameda, College of",Alameda,CA,United States
Albany College of Pharmacy,Albany,NY,United States
Albright College,Reading,PA,United States
Alexandria Technical and Community College,Alexandria,MN,United States
Alfred University,Alfred,NY,United States
All India Senior School Certificate Exam - CBSE,New Delhi,,India
Allan Hancock College,Santa Maria,CA,United States
Alvin Community College,Alvin,TX,United States
American College of Greece,Athens,,Greece
"American College of Thessaloniki, The",Thessaloniki,,Greece
American Jewish University,Los Angeles,CA,United States
American Public University System,Charles Town,WV,United States
American River College,Sacramento,CA,United States
American University,Washington,DC,United States
American University in Cairo,Cairo,,Egypt
American University in Dubai,Dubai,,United Arab Emirates
American University of Beirut,Beirut,,Lebanon
American University of Kuwait,Kuwait City,,Kuwait
"American University of Paris, The",Paris,,France
American University of Rome,Rome,,Italy
Amherst College,Amherst,MA,United States
Andrews University,Berrien Springs,MI,United States
Anna Maria College,Paxton,MA,United States
Anne Arundel Community College,Arnold,MD,United States
Anoka-Ramsey Community College (all locations),Coon Rapids,MN,United States
APL - Lifelong Learning,Baltimore,MD,United States
Appalachian State University,Boone,NC,United States
"Aquincum Institute of Technology, Hungary",Budapest,,Hungary
Arapahoe Community College,Littleton,CO,United States
"Arava Institute for Environmental Studies, Israel",Kibbutz Ketura,,Israel
Arcadia University,Glenside,PA,United States
Arizona State University,Tempe,AZ,United States
Asbury University,Wilmore,KY,United States
Asheville-Buncombe Technical Community College,Asheville,NC,United States
Asnuntuck Community College,Enfield,CT,United States
Assumption College,Worcester,MA,United States
"Ateneo De Manila University, Philippines",Quezon City,,Philippines
Athabasca University,Athabasca,AB,Canada
"Auburn University, (Main Campus)",Auburn,AL,United States
Augustana College,Rock Island,IL,United States
Austin Community College,Austin,TX,United States
Austin Peay State University,Clarksville,TN,United States
Australian National University,Canberra,,Australia
Babson College,Wellesley,MA,United States
Baker University,Baldwin City,KS,United States
Bakersfield College,Bakersfield,CA,United States
"Bar-Ilan University, Israel",Ramat Gan,,Israel
Bard College (NY),Annandale-on-Hudson,NY,United States
Bard College at Simon's Rock,Great Barrington,MA,United States
Barnard College,New York,NY,United States
Barry University,Miami Shores,FL,United States
Barstow Community College,Barstow,CA,United States
Barton College,Wilson,NC,United States
Barton Community College,Great Bend,KS,United States
Bates College,Lewiston,ME,United States
Baton Rouge Community College,Baton Rouge,LA,United States
Bay de Noc Community College,Escanaba,MI,United States
Bay Path University,Longmeadow,MA,United States
Baylor University,Waco,TX,United States
Becker College,Worcester,MA,United States
"Beihang University, China",Beijing,,China
Beijing Jiaotong University,Beijing,,China
Beijing University of Civil Engineering & Architecture,Beijing,,China
Bellarmine University,Louisville,KY,United States
Bellevue College,Bellevue,WA,United States
Belmont University,Nashville,TN,United States
Benedictine University,Lisle,IL,United States
Benjamin Franklin Institute of Technology,Boston,MA,United States
Bentley University,Waltham,MA,United States
Bergen Community College,Paramus,NJ,United States
Berkeley City College,Berkeley,CA,United States
Berklee College of Music,Boston,MA,United States
Berkshire Community College,Pittsfield,MA,United States
Bethel University,St. Paul,MN,United States
Bevill State Community College,Jasper,AL,United States
"BI Norwegian Business School, Norway",Oslo,,Norway
Bloomfield College,Bloomfield,NJ,United States
Bluegrass Community & Technical College,Lexington,KY,United States
"Bocconi University, Italy",Milan,,Italy
Boise State University,Boise,ID,United States
"Bond University, Australia",Gold Coast,,Australia
Boston Architectural College,Boston,MA,United States
Boston College,Chestnut Hill,MA,United States
Boston University,Boston,MA,United States
Bowdoin College,Brunswick,ME,United States
Bowling Green State University,Bowling Green,OH,United States
Brandeis University,Waltham,MA,United States
Bridgewater State University,Bridgewater,MA,United States
Brigham Young University,Provo,UT,United States
Brightpoint Community College,Midlothian,VA,United States
Bristol Community College,Fall River,MA,United States
Brookdale Community College,Lincroft,NJ,United States
Broome Community College,Binghamton,NY,United States
Broward College,Fort Lauderdale,FL,United States
Brown University,Providence,RI,United States
Brunswick Community College,Bolivia,NC,United States
Bryant & Stratton College,Buffalo,NY,United States
Bryant University,Smithfield,RI,United States
Bryn Mawr College,Bryn Mawr,PA,United States
BSIB CESEM - Reims Management School (France),Reims,,France
BSIB DCU - Dublin City University,Dublin,,Ireland
BSIB ESB - European School Business Reutlingen Uni (Germany),Reutlingen,,Germany
"BSIB ESSEC Business School, France",Cergy,,France
"BSIB ESSEC Business School, Singapore",Singapore,,Singapore
"BSIB FGV - Fundacao Getulio Vargas, Escola de Administracao",São Paulo,,Brazil
BSIB HKBU - Hong Kong Baptist University,Hong Kong,,China
"BSIB HKU - University of Hong Kong, The, China",Hong Kong,,China
BSIB ICADE - Universidad Pontificia Comillas,Madrid,,Spain
"BSIB IESEG School of Management, France",Lille,,France
"BSIB LUMS - Lancaster University Management School, UK",Lancaster,,United Kingdom
"BSIB PKU - Peking University, China",Beijing,,China
BSIB UCSC- Universita Cattolica Del Sacro Curore - Italy,Milan,,Italy
BSIB UDLA- Universidad de las Americas Puebla,Puebla,,Mexico
"BTK University of Art and Design, Germany",Berlin,,Germany
Bucknell University,Lewisburg,PA,United States
Bucks County Community College,Newtown,PA,United States
Buenos Aires Technology Institute,Buenos Aires,,Argentina
Bulk Credit,,,
Bunker Hill Community College,Boston,MA,United States
Butler County Community College,Butler,PA,United States
Cabarrus College of Health Sciences,Concord,NC,United States
Cabrillo College,Aptos,CA,United States
Cabrini College,Radnor,PA,United States
Cairn University,Langhorne,PA,United States
Cal Poly State University (San Luis Obispo),San Luis Obispo,CA,United States
Calhoun Community College,Decatur,AL,United States
California Baptist University,Riverside,CA,United States
California Lutheran University,Thousand Oaks,CA,United States
California State Polytechnic University - Pomona,Pomona,CA,United States
"California State Polytechnic University, Humboldt",Arcata,CA,United States
California State University - Dominquez Hills,Carson,CA,United States
California State University - Fresno,Fresno,CA,United States
California State University - Fullerton,Fullerton,CA,United States
California State University - Long Beach,Long Beach,CA,United States
California State University - Sacramento,Sacramento,CA,United States
California State University - San Marcos,San Marcos,CA,United States
California State Univesity - Monterey Bay,Seaside,CA,United States
Cambridge College,Boston,MA,United States
Cambridge Pre-U,Cambridge,,United Kingdom
Camden County College,Blackwood,NJ,United States
Campbellsville University,Campbellsville,KY,United States
Canada College,Redwood City,CA,United States
Canisius College,Buffalo,NY,United States
Cape Cod Community College,West Barnstable,MA,United States
Cape Fear Community College,Wilmington,NC,United States
Capella University,Minneapolis,MN,United States
Capital Community College,Hartford,CT,United States
"Capital University of Economics and Business, China",Beijing,,China
"Cardiff University, Wales",Cardiff,,United Kingdom
Cardinal Stritch University,Milwaukee,WI,United States
Caribbean Advanced Proficiency Examination (CAPE),,,Caribbean
Carlow University,Pittsburgh,PA,United States
Carnegie Mellon University,Pittsburgh,PA,United States
Carroll Community College,Westminster,MD,United States
Carroll University,Waukesha,WI,United States
Carteret Community College,Morehead City,NC,United States
Cascadia College,Bothell,WA,United States
Case Western Reserve University,Cleveland,OH,United States
Casper College,Casper,WY,United States
Castleton State College,Castleton,VT,United States
Catholic University of America,Washington,DC,United States
Cayuga Community College,Auburn,NY,United States
Cedar Crest College,Allentown,PA,United States
"CEFAM- International School of Bus. and Management, France",Lyon,,France
Centenary University,Hackettstown,NJ,United States
Central Carolina Community College,Sanford,NC,United States
Central Connecticut State University,New Britain,CT,United States
Central Maine Community College,Auburn,ME,United States
Central New Mexico Community College,Albuquerque,NM,United States
Central Oregon Community College,Bend,OR,United States
Central Piedmont Community College,Charlotte,NC,United States
Central Texas College - Killeen,Killeen,TX,United States
Central Virginia Community College,Lynchburg,VA,United States
Central Washington Univesity,Ellensburg,WA,United States
"Centro de Estudios, Spain",Madrid,,Spain
"Century College, (Minnesota)",White Bear Lake,MN,United States
Cerritos College,Norwalk,CA,United States
"CET Prague, Czech Republic",Prague,,Czech Republic
Chabot College,Hayward,CA,United States
Chaffey College,Rancho Cucamonga,CA,United States
Chamberlain University,Downers Grove,IL,United States
Chaminade University of Honolulu,Honolulu,HI,United States
Chandler-Gilbert Community College,Chandler,AZ,United States
Chapman University,Orange,CA,United States
Charles Stewart Mott CC,Flint,MI,United States
"Charles University, Czech Republic",Prague,,Czech Republic
Chatanooga State Technical CC,Chattanooga,TN,United States
Chattahoochee Technical College,Marietta,GA,United States
Chemeketa Community College,Salem,OR,United States
"Chengdu University of Technology, China",Chengdu,,China
"China Agricultural University, China",Beijing,,China
"China University of Mining and Technology, China",Xuzhou,,China
Chinese University of Hong Kong,Hong Kong,,China
Christian Brothers University,Memphis,TN,United States
Christopher Newport University,Newport News,VA,United States
"Chulalongkorn University, Thailand",Bangkok,,Thailand
Chung-Ang University,Seoul,,South Korea
"CIEE Berlin, Germany",Berlin,,Germany
CIEE London,London,,United Kingdom
"CIEE Paris Study Center Courses, France",Paris,,France
"CIEE Study Center at Kyoto, Japan",Kyoto,,Japan
"CIEE Study Center at Tokyo, Japan",Tokyo,,Japan
Cincinnati State Technical and Community College,Cincinnati,OH,United States
Citrus College,Glendora,CA,United States
City College of San Francisco,San Francisco,CA,United States
City Colleges of Chicago-District Office,Chicago,IL,United States
City University London,London,,United Kingdom
"City University of Hong Kong, China",Hong Kong,,China
Clackamas Community College,Oregon City,OR,United States
Claremont McKenna College,Claremont,CA,United States
Clark Atlanta University,Atlanta,GA,United States
"Clark College, WA",Vancouver,WA,United States
Clark University (MA),Worcester,MA,United States
"Clarkson University, NY",Potsdam,NY,United States
Clayton State University,Morrow,GA,United States
Clemson University,Clemson,SC,United States
Cleveland Institute of Art,Cleveland,OH,United States
Cleveland State University,Cleveland,OH,United States
Clinton Community College,Plattsburgh,NY,United States
Coastal Carolina Community College,Jacksonville,NC,United States
Coastal Pines Technical College,Waycross,GA,United States
Coastline Community College,Fountain Valley,CA,United States
Coker University,Hartsville,SC,United States
Colby College,Waterville,ME,United States
Colgate University,Hamilton,NY,United States
College of Charleston,Charleston,SC,United States
College of DuPage,Glen Ellyn,IL,United States
College of Lake County (IL),Grayslake,IL,United States
College of Marin,Kentfield,CA,United States
College of Mount Saint Vincent,Bronx,NY,United States
"College of New Jersey, The",Ewing,NJ,United States
"College of Saint Benedict & Saint John's University, MN",Collegeville,MN,United States
College of Saint Rose,Albany,NY,United States
College of San Mateo,San Mateo,CA,United States
College of Southern Idaho,Twin Falls,ID,United States
College of Southern Maryland - All Campuses,La Plata,MD,United States
College of Southern Nevada,Las Vegas,NV,United States
College of Staten Island,Staten Island,NY,United States
College of the Atlantic,Bar Harbor,ME,United States
College of the Canyons,Santa Clarita,CA,United States
College of the Holy Cross,Worcester,MA,United States
College of the Redwoods,Eureka,CA,United States
College of the Sequoias,Visalia,CA,United States
College of the Siskiyous,Weed,CA,United States
College of Western Idaho,Nampa,ID,United States
College of William and Mary,Williamsburg,VA,United States
"College of Wooster, The",Wooster,OH,United States
Collin College (Texas),McKinney,TX,United States
Colorado Christian University,Lakewood,CO,United States
Colorado College,Colorado Springs,CO,United States
Colorado Mountain College,Glenwood Springs,CO,United States
Colorado State University,Fort Collins,CO,United States
Colorado State University- Pueblo,Pueblo,CO,United States
Columbia-Greene Community College (SUNY),Hudson,NY,United States
Columbia College Chicago,Chicago,IL,United States
Columbia College Missouri,Columbia,MO,United States
"Columbia College, California",Sonora,CA,United States
Columbia International University,Columbia,SC,United States
Columbia Southern University,Orange Beach,AL,United States
Columbia State Community College,Columbia,TN,United States
Columbia University (NY),New York,NY,United States
Columbus State Community College,Columbus,OH,United States
Columbus State University,Columbus,GA,United States
Commercial College of Iceland,Reykjavik,,Iceland
"Communication University of China, China",Beijing,,China
Community College of Allegheny County,Pittsburgh,PA,United States
Community College of Aurora,Aurora,CO,United States
Community College of Baltimore County,Baltimore,MD,United States
Community College of Denver,Denver,CO,United States
Community College of Philadelphia,Philadelphia,PA,United States
Community College of Rhode Island (CCRI) - Warwick,Warwick,RI,United States
Community College of Vermont,Montpelier,VT,United States
Concordia College (New York),Bronxville,NY,United States
Concordia University (Canada),Montreal,QC,Canada
Concordia University Wisconsin,Mequon,WI,United States
"Concordia University, Nebraska",Seward,NE,United States
"Concordia University, St. Paul",St. Paul,MN,United States
Connecticut College,New London,CT,United States
Contra Costa College,San Pablo,CA,United States
Copenhagen Business School,Copenhagen,,Denmark
Copper Mountain College,Joshua Tree,CA,United States
Cornell University,Ithaca,NY,United States
Corning Community College,Corning,NY,United States
"Corvinus University of Budapest, Hungary",Budapest,,Hungary
Cosumnes Rivers College,Sacramento,CA,United States
County College of Morris,Randolph,NJ,United States
Covenant College,Lookout Mountain,GA,United States
Cowley County Community College,Arkansas City,KS,United States
Craven Community College,New Bern,NC,United States
Creighton University,Omaha,NE,United States
Cuesta College,San Luis Obispo,CA,United States
CUNY Baruch College,New York,NY,United States
CUNY Borough of Manhattan Community College,New York,NY,United States
CUNY Bronx Community College,Bronx,NY,United States
CUNY Brooklyn College,Brooklyn,NY,United States
CUNY City College,New York,NY,United States
CUNY Eugenio Maria De Hostos Community College,Bronx,NY,United States
CUNY John Jay College of Criminal Justice,New York,NY,United States
CUNY Medgar Evers College,Brooklyn,NY,United States
CUNY School of Professional Studies,New York,NY,United States
"CUNY York College, NY",Jamaica,NY,United States
Curry College,Milton,MA,United States
"Curtin University, Australia",Perth,,Australia
Cuyahoga Community College District,Cleveland,OH,United States
Cuyamaca College,El Cajon,CA,United States
Cypress College,Cypress,CA,United States
Dallas County Community College District - Brookhaven,Farmers Branch,TX,United States
Dallas County Community College District - Cedar Valley,Lancaster,TX,United States
Dallas County Community College District - Eastfield,Mesquite,TX,United States
Dallas County Community College District - El Centro,Dallas,TX,United States
Dallas County Community College District - Mountain View,Dallas,TX,United States
Dallas County Community College District - North Lake,Irving,TX,United States
Dallas County Community College District - Richland,Richardson,TX,United States
Danville Area Community College,Danville,IL,United States
Danville Community College,Danville,VA,United States
Dartmouth College,Hanover,NH,United States
Davenport University,Grand Rapids,MI,United States
Davidson-Davie Community College,Lexington,NC,United States
Davidson College,Davidson,NC,United States
"Dawson College, Canada",Montreal,QC,Canada
Daytona State College,Daytona Beach,FL,United States
De Anza College,Cupertino,CA,United States
Dean College,Franklin,MA,United States
Delaware County Community College,Media,PA,United States
Delaware State University,Dover,DE,United States
"Delaware Technical & Community College, Stanton-Wilmington",Newark,DE,United States
Delaware Valley College,Doylestown,PA,United States
Delta College,University Center,MI,United States
Delta State University,Cleveland,MS,United States
Denison University,Granville,OH,United States
DePaul University,Chicago,IL,United States
Des Moines Area Community College,Ankeny,IA,United States
DeSales University (PA),Center Valley,PA,United States
"DeVry University, DeVry College of New York",New York,NY,United States
Diablo Valley College,Pleasant Hill,CA,United States
Dickinson College,Carlisle,PA,United States
Dickinson State University,Dickinson,ND,United States
Doane University,Crete,NE,United States
Dominican University New York,Orangeburg,NY,United States
Dongbei University of Finance and Economics,Dalian,,China
"Donghua University, China",Shanghai,,China
Drew University,Madison,NJ,United States
Drexel University,Philadelphia,PA,United States
"Dublin City University, Ireland",Dublin,,Ireland
Duke University,Durham,NC,United States
Duquesne University,Pittsburgh,PA,United States
Durham Technical Community College,Durham,NC,United States
Dutchess Community College,Poughkeepsie,NY,United States
East Carolina University,Greenville,NC,United States
East Los Angeles College (LA Community College District),Monterey Park,CA,United States
East Texas A&M University,Commerce,TX,United States
Eastern Connecticut State University,Willimantic,CT,United States
Eastern Florida State College,Melbourne,FL,United States
Eastern Illinois University,Charleston,IL,United States
Eastern Nazarene College,Quincy,MA,United States
Eastern Washington University,Cheney,WA,United States
Eastern Wyoming College,Torrington,WY,United States
Eckerd College,St. Petersburg,FL,United States
"Ecole Centrale D'Electronique Paris, France",Paris,,France
EcoQuest UNH,Durham,NH,United States
"ECPI Technical College-2YR, Continuing Education Division",Virginia Beach,VA,United States
Edmonds Community College,Lynnwood,WA,United States
Edward Waters University,Jacksonville,FL,United States
El Camino College,Torrance,CA,United States
El Paso Community College,El Paso,TX,United States
Elizabethtown College,Elizabethtown,PA,United States
Elizabethtown Community and Technical College,Elizabethtown,KY,United States
Elon University,Elon,NC,United States
Embry-Riddle Aeronautical University,Daytona Beach,FL,United States
Emerson College,Boston,MA,United States
Emmanuel College,Boston,MA,United States
Emory University,Atlanta,GA,United States
Endicott College,Beverly,MA,United States
EPSCI-School of International Management,Paris,,France
Erie Community College,Buffalo,NY,United States
"Esade Business School, Spain",Barcelona,,Spain
"Escola Superior de Comerc Internacional, Spain",Barcelona,,Spain
"Escola Superior de Propaganda e Marketing, Brazil",São Paulo,,Brazil
Essex County College,Newark,NJ,United States
"ETH Zurich, Switzerland",Zurich,,Switzerland
Everett Community College,Everett,WA,United States
Evergreen Valley College,San Jose,CA,United States
Fairfield University,Fairfield,CT,United States
Fairleigh Dickinson University,Teaneck,NJ,United States
Fashion Institute of Technology (NY),New York,NY,United States
Fayetteville State University,Fayetteville,NC,United States
Fayetteville Technical Community College,Fayetteville,NC,United States
Felician College,Lodi,NJ,United States
Finger Lakes Community College,Canandaigua,NY,United States
Fisher College,Boston,MA,United States
Fitchburg State University,Fitchburg,MA,United States
Five Towns College,Dix Hills,NY,United States
Flagler College,St. Augustine,FL,United States
Florence-Darlington Technical College,Florence,SC,United States
Florence University of the Arts,Florence,,Italy
Florida Atlantic University,Boca Raton,FL,United States
Florida Gulf Coast University,Fort Myers,FL,United States
Florida Institute of Technology,Melbourne,FL,United States
Florida International University,Miami,FL,United States
Florida National University,Hialeah,FL,United States
Florida Southern College,Lakeland,FL,United States
Florida Southwestern State College (was Edison College),Fort Myers,FL,United States
Florida State College Jacksonville,Jacksonville,FL,United States
Florida State University,Tallahassee,FL,United States
Folsom Lake College,Folsom,CA,United States
Fond du Lac Tribal and Community College,Cloquet,MN,United States
Foothill College,Los Altos Hills,CA,United States
Fordham University,Bronx,NY,United States
Forsyth Technical Community College,Winston-Salem,NC,United States
Fort Hays State University,Hays,KS,United States
"Framingham State University, form. Framingham State College",Framingham,MA,United States
Francis Marion University,Florence,SC,United States
Franklin & Marshall College,Lancaster,PA,United States
"Franklin Pierce University, (from Franklin Pierce College)",Rindge,NH,United States
Frederick Community College,Frederick,MD,United States
"Freie Universitat Berlin, Germany",Berlin,,Germany
French Baccalaureate,,,France
Front Range Community College,Westminster,CO,United States
"Fudan University, China",Shanghai,,China
Fullerton College,Fullerton,CA,United States
Fulton-Montgomery Community College,Johnstown,NY,United States
Gallaudet University,Washington,DC,United States
Gardner-Webb University,Boiling Springs,NC,United States
Gaston College,Dallas,NC,United States
Gateway Community College,Phoenix,AZ,United States
General Certificate of Education,,,United Kingdom
Geneva College,Beaver Falls,PA,United States
George Fox University,Newberg,OR,United States
George Mason University,Fairfax,VA,United States
George Washington University,Washington,DC,United States
Georgetown University (D.C.),Washington,DC,United States
Georgia College & State University,Milledgeville,GA,United States
Georgia Gwinnett College,Lawrenceville,GA,United States
Georgia Institute of Technology,Atlanta,GA,United States
Georgia Military College,Milledgeville,GA,United States
Georgia Piedmont Technical College,Clarkston,GA,United States
Georgia Southern University,Statesboro,GA,United States
Georgia State University,Atlanta,GA,United States
Georgian Court University,Lakewood,NJ,United States
German Abitur,,,Germany
Germanna Community College,Locust Grove,VA,United States
Gettysburg College,Gettysburg,PA,United States
Glendale Community College (Arizona),Glendale,AZ,United States
Glendale Community College (California),Glendale,CA,United States
Goddard College,Plainfield,VT,United States
Golden West College,Huntington Beach,CA,United States
Goldsmiths University of London,London,,United Kingdom
Gonzaga University,Spokane,WA,United States
Gordon College,Wenham,MA,United States
"Gothenburg University, Sweden",Gothenburg,,Sweden
Grand Canyon University,Phoenix,AZ,United States
Grand Valley State University,Allendale,MI,United States
Granite State College,Concord,NH,United States
Gratz College,Melrose Park,PA,United States
Great Basin College,Elko,NV,United States
Great Bay Community College,Portsmouth,NH,United States
Green River College,Auburn,WA,United States
Greenfield Community College,Greenfield,MA,United States
Greenville Technical College,Greenville,SC,United States
Greenville University,Greenville,IL,United States
"Grenoble Ecole de Management, France",Grenoble,,France
Griffith University (Australia),Brisbane,,Australia
Grinnell College,Grinnell,IA,United States
Grossmont College,El Cajon,CA,United States
"Guangxi University of Finance and Economics, China",Nanning,,China
Guilford College,Greensboro,NC,United States
Guilford Technical Community College,Jamestown,NC,United States
"Gulf University for Science & Technology, Kuwait",Kuwait City,,Kuwait
Gwinnett Technical College,Lawrenceville,GA,United States
Gwynedd-Mercy College,Gwynedd Valley,PA,United States
Hagerstown Community College,Hagerstown,MD,United States
Hamilton College (NY),Clinton,NY,United States
Hampden-Sydney College,Hampden-Sydney,VA,United States
Hardin-Simmons University,Abilene,TX,United States
Harford Community College,Bel Air,MD,United States
"Harold Washington College, City Colleges of Chicago District",Chicago,IL,United States
"Harper College, William Rainey",Palatine,IL,United States
Harrisburg Area Community College,Harrisburg,PA,United States
Harrisburg University of Science and Technology,Harrisburg,PA,United States
"Harry S. Truman College, City Colleges of Chicago District",Chicago,IL,United States
Harvard University,Cambridge,MA,United States
Harvard University - Extension School,Cambridge,MA,United States
Haverford College,Haverford,PA,United States
Hawaii Pacific University,Honolulu,HI,United States
Hebrew College,Newton Centre,MA,United States
"Hebrew University- Rothberg, Israel",Jerusalem,,Israel
"Hebrew University of Jerusalem, Undergrad Div. (Israel)",Jerusalem,,Israel
Herzing University,Milwaukee,WI,United States
High Point University,High Point,NC,United States
Highline Community College,Des Moines,WA,United States
Hilbert College,Hamburg,NY,United States
Hillsborough Community College,Tampa,FL,United States
Hiram College,Hiram,OH,United States
Hobart and William Smith Colleges,Geneva,NY,United States
Hofstra University,Hempstead,NY,United States
Holyoke Community College,Holyoke,MA,United States
"Hong Kong University of Science and Technology, China",Hong Kong,,China
Honolulu Community College,Honolulu,HI,United States
Horry-Georgetown Technical College,Conway,SC,United States
Housatonic Community College,Bridgeport,CT,United States
Houston Baptist University,Houston,TX,United States
Houston Community College System,Houston,TX,United States
Howard Community College,Columbia,MD,United States
Howard University,Washington,DC,United States
Hudson County Community College (New Jersey),Jersey City,NJ,United States
Hudson Valley Community College,Troy,NY,United States
Hult International Business School,Cambridge,MA,United States
Hunan University (China),Changsha,,China
Hunter College,New York,NY,United States
Husson University,Bangor,ME,United States
"IE University (Madrid, Spain)",Madrid,,Spain
"IE University (Segovia, Spain)",Segovia,,Spain
IES at Universidad de Granada,Granada,,Spain
IES Tokyo,Tokyo,,Japan
IES Vienna,Vienna,,Austria
Illinois Central College,East Peoria,IL,United States
Immaculata University,Immaculata,PA,United States
Indian River State College,Fort Pierce,FL,United States
Indian School Certificate Exam - CISCE,New Delhi,,India
Indiana University - (All Campuses),Bloomington,IN,United States
"Institut Superior de Ciencias, Portugal",Lisbon,,Portugal
"Institute of Public Administration, Ireland",Dublin,,Ireland
Instituto Technologico Autonomo de Mexico,Mexico City,,Mexico
Instituto Tecnologico Y De Estudios Superiores de Monterrey,Monterrey,,Mexico
"Interdisciplinary Center Herzliya, Israel",Herzliya,,Israel
International Baccalaureate (admitted FL2025 & SP2026),Geneva,,Switzerland
"International University of Grand-Bassam, Ivory Coast",Grand-Bassam,,Ivory Coast
Inver Hills Community College,Inver Grove Heights,MN,United States
Iona College,New Rochelle,NY,United States
Iowa State University,Ames,IA,United States
Iowa Western Community College (Council Bluffs),Council Bluffs,IA,United States
Irvine Valley College,Irvine,CA,United States
Itawamba Community College,Fulton,MS,United States
Ithaca College,Ithaca,NY,United States
"Ivy Tech Community College, Bloomington",Bloomington,IN,United States
J. Sargeant Reynolds Community College,Richmond,VA,United States
"J.F. Oberlin University, Italy",Rome,,Italy
Jacksonville University,Jacksonville,FL,United States
James Madison University,Harrisonburg,VA,United States
James Sprunt Community College,Kenansville,NC,United States
Jamestown Community College,Jamestown,NY,United States
Jefferson Community College,Watertown,NY,United States
Jefferson State Community College,Birmingham,AL,United States
"Jiangsu University, China",Zhenjiang,,China
John Cabot University,Rome,,Italy
John Carroll University,University Heights,OH,United States
Johns Hopkins University,Baltimore,MD,United States
Johnson and Wales University,Providence,RI,United States
Johnson County Community College,Overland Park,KS,United States
Johnston Community College,Smithfield,NC,United States
Joliet Junior College,Joliet,IL,United States
Juniata College,Huntingdon,PA,United States
"KAIST, South Korea",Daejeon,,South Korea
Kalamazoo College,Kalamazoo,MI,United States
Kalamazoo Valley Community College,Kalamazoo,MI,United States
Kansas City Kansas Community College,Kansas City,KS,United States
Kansas State University,Manhattan,KS,United States
Kapiolani Community College,Honolulu,HI,United States
Kaplan University,Davenport,IA,United States
Kauai Community College,Lihue,HI,United States
"Kazakh British Technical University, Kazakhstan",Almaty,,Kazakhstan
Kean University,Union,NJ,United States
Keiser University,Fort Lauderdale,FL,United States
Kennebec Valley Community College,Fairfield,ME,United States
"Kennedy-King College, City Colleges of Chicago District",Chicago,IL,United States
Kennesaw State University,Kennesaw,GA,United States
Kent State University,Kent,OH,United States
Kenyon College,Gambier,OH,United States
Kilgore College,Kilgore,TX,United States
King's College London,London,,United Kingdom
Kingsborough Community College (CUNY),Brooklyn,NY,United States
Kirkwood Community College,Cedar Rapids,IA,United States
Klamath Community College,Klamath Falls,OR,United States
Knox College,Galesburg,IL,United States
Korea University,Seoul,,South Korea
Kuwait University,Kuwait City,,Kuwait
Kyoto University,Kyoto,,Japan
La Guardia Community College (CUNY),Long Island City,NY,United States
La Roche University,Pittsburgh,PA,United States
La Salle University,Philadelphia,PA,United States
Laboure College,Milton,MA,United States
Lackawanna College,Scranton,PA,United States
Lafayette College,Easton,PA,United States
Laguna College of Art and Design,Laguna Beach,CA,United States
"Lahore School of Economics, Pakistan",Lahore,,Pakistan
Lake-Sumter Community College,Leesburg,FL,United States
Lake Erie College,Painesville,OH,United States
Lake Forest College,Lake Forest,IL,United States
Lake Superior College,Duluth,MN,United States
Lake Tahoe Community College,South Lake Tahoe,CA,United States
Lakeland Community College,Kirtland,OH,United States
Lakes Region Community College,Laconia,NH,United States
LAMDA London,London,,United Kingdom
Landmark College,Putney,VT,United States
Lane Community College,Eugene,OR,United States
Laney College,Oakland,CA,United States
Lansing Community College,Lansing,MI,United States
Laredo Community College,Laredo,TX,United States
Las Positas College,Livermore,CA,United States
Lasell College,Newton,MA,United States
Laurel Ridge Community College,Middletown,VA,United States
Lebanese America University,Beirut,,Lebanon
"Lee College, Texas",Baytown,TX,United States
Leeward Community College,Pearl City,HI,United States
Lehigh Carbon Community College,Schnecksville,PA,United States
Lehigh University,Bethlehem,PA,United States
Lehman College (CUNY),Bronx,NY,United States
Lesley University,Cambridge,MA,United States
"Leuven Institute for Ireland in Europe, Belgium",Leuven,,Belgium
"Lewis and Clark College, Oregon",Portland,OR,United States
Lewis&Clark Community College,Godfrey,IL,United States
"Libertas International University, Croatia",Dubrovnik,,Croatia
Liberty University,Lynchburg,VA,United States
Life University,Marietta,GA,United States
Lincoln Land Community College,Springfield,IL,United States
Linn-Benton Community College,Albany,OR,United States
Lipscomb University,Nashville,TN,United States
Liverpool Institute Performing Arts,Liverpool,,United Kingdom
London School of Economics,London,,United Kingdom
London School of Economics Summer School,London,,United Kingdom
London School of Marketing,London,,United Kingdom
Lone Star College All Campuses,Houston,TX,United States
Long Beach City College,Long Beach,CA,United States
Long Island University (CWPost/Brentwd/Rcklnd Campuses),Brookville,NY,United States
Long Island University (Westchstr/Brooklyn Campuses),Brooklyn,NY,United States
Lorain County Community College,Elyria,OH,United States
"Lorenzo de' Medici (Florence, Italy)",Florence,,Italy
"Lorenzo de' Medici (Tuscania, Italy)",Tuscania,,Italy
"Lorenzo de Medici (Rome, Italy)",Rome,,Italy
Los Angeles City College (LA Community College District),Los Angeles,CA,United States
"Los Angeles Harbor College, (LA Community College Dist.)",Wilmington,CA,United States
Los Angeles Mission College (LA Community College District),Sylmar,CA,United States
Los Angeles Pierce College (LA Community College District),Woodland Hills,CA,United States
Los Angeles Trade-Technical College,Los Angeles,CA,United States
Los Medanos College,Pittsburg,CA,United States
Louisburg College,Louisburg,NC,United States
Louisiana State University and A & M College,Baton Rouge,LA,United States
Louisiana Tech University,Ruston,LA,United States
Loyola Marymount University,Los Angeles,CA,United States
"Loyola University (New Orleans, LA)",New Orleans,LA,United States
Loyola University Chicago,Chicago,IL,United States
"Loyola University Maryland, Frmly. Loyola College (Maryland)",Baltimore,MD,United States
"LUISS Universita Guido Carli, Italy",Rome,,Italy
"Lund University, Sweden",Lund,,Sweden
Luzerne County Community College,Nanticoke,PA,United States
"Lycee Condorcet, France",Paris,,France
Lynn University,Boca Raton,FL,United States
Macalester College,St. Paul,MN,United States
Macomb Community College,Warren,MI,United States
Macquarie University,Sydney,,Australia
Madison Area Technical College,Madison,WI,United States
"Mahidol University International College, Thailand",Bangkok,,Thailand
"Malcolm X College, City Colleges of Chicago District",Chicago,IL,United States
Manchester Community College (NH),Manchester,NH,United States
"Manchester Community College, Connecticut",Manchester,CT,United States
Manhattan College,Bronx,NY,United States
Manhattanville College,Purchase,NY,United States
Manor College,Jenkintown,PA,United States
Marian University (Indiana),Indianapolis,IN,United States
"Marianopolis College, Canada",Montreal,QC,Canada
Marist College,Poughkeepsie,NY,United States
Marlboro College,Marlboro,VT,United States
Marquette University,Milwaukee,WI,United States
Marshall University,Huntington,WV,United States
Maryland Institute College of Art,Baltimore,MD,United States
Marymount California University,Rancho Palos Verdes,CA,United States
Marymount Manhattan College,New York,NY,United States
Marymount University,Arlington,VA,United States
Maryville University of St. Louis,St. Louis,MO,United States
Mass Bay Community College,Wellesley Hills,MA,United States
Mass College of Pharmacy & Allied Health Sciences,Boston,MA,United States
Massachusetts College of Liberal Arts,North Adams,MA,United States
Massachusetts Institute of Technology,Cambridge,MA,United States
Massachusetts Maritime Academy,Buzzards Bay,MA,United States
Massasoit Community College,Brockton,MA,United States
"Master's College and Seminary, The",Santa Clarita,CA,United States
McGill University,Montreal,QC,Canada
McHenry County College,Crystal Lake,IL,United States
McLennan Community College,Waco,TX,United States
"Meiji University, Japan",Tokyo,,Japan
Mendocino College,Ukiah,CA,United States
Menlo College,Atherton,CA,United States
Merced College,Merced,CA,United States
Mercer County Community College,West Windsor,NJ,United States
Mercer University,Macon,GA,United States
Mercy College,Dobbs Ferry,NY,United States
Merrimack College,North Andover,MA,United States
Merritt College,Oakland,CA,United States
Mesa Community College,Mesa,AZ,United States
Messiah College,Mechanicsburg,PA,United States
Methodist College,Fayetteville,NC,United States
Metropolitan State University of Denver,Denver,CO,United States
MGH Institute of Health Professions,Boston,MA,United States
Miami Dade College,Miami,FL,United States
Miami University (Ohio),Oxford,OH,United States
Michigan State University,East Lansing,MI,United States
Middle Georgia State University,Macon,GA,United States
Middle Tennessee State University,Murfreesboro,TN,United States
Middlebury College,Middlebury,VT,United States
Middlesex College,Edison,NJ,United States
Middlesex Community College (Connecticut),Middletown,CT,United States
Middlesex Community College (Massachusetts),Bedford,MA,United States
Midlands Technical College,Columbia,SC,United States
Mills College,Oakland,CA,United States
Mills College: Transition to NU,Oakland,CA,United States
"Minjiang University, China",Fuzhou,,China
Minneapolis Community & Technical College,Minneapolis,MN,United States
"Minnesota State University, Mankato",Mankato,MN,United States
Minot State University (Main Campus),Minot,ND,United States
Miracosta College,Oceanside,CA,United States
Miramar College (San Diego),San Diego,CA,United States
Mission College (West Valley-Mission CC Dist),Santa Clara,CA,United States
Mississippi University for Women,Columbus,MS,United States
Missouri Baptist University,St. Louis,MO,United States
Missouri State University,Springfield,MO,United States
MIT World Peace University India,Pune,,India
Mitchell Community College,Statesville,NC,United States
Mohave Community College,Kingman,AZ,United States
Mohawk Valley Community College (SUNY),Utica,NY,United States
Molloy University,Rockville Centre,NY,United States
"Monash University, Australia",Melbourne,,Australia
Monmouth University,West Long Branch,NJ,United States
Monroe Community College,Rochester,NY,United States
Montana State University - Bozeman,Bozeman,MT,United States
Montclair State University,Montclair,NJ,United States
Monterey Peninsula College,Monterey,CA,United States
Montgomery College,Rockville,MD,United States
Montgomery County Community College,Blue Bell,PA,United States
Moorpark College,Moorpark,CA,United States
Moraine Valley Community College,Palos Hills,IL,United States
Moravian College,Bethlehem,PA,United States
Morehead State University,Morehead,KY,United States
Mount Aloysius College,Cresson,PA,United States
Mount Holyoke College,South Hadley,MA,United States
"Mount Saint Mary College, New York",Newburgh,NY,United States
Mount Wachusett Community College,Gardner,MA,United States
Mt San Antonio College,Walnut,CA,United States
Mt. Hood Community College,Gresham,OR,United States
Mt. San Jacinto College,San Jacinto,CA,United States
NanFang College of Sun Yat-Sen University,Guangzhou,,China
Nankai University,Tianjin,,China
"Nanyang Technological University, Singapore",Singapore,,Singapore
"Narsee Monjee Institute of Management Studies, India",Mumbai,,India
Nashua Community College,Nashua,NH,United States
Nashville State Community College,Nashville,TN,United States
Nassau Community College,Garden City,NY,United States
National Louis University,Chicago,IL,United States
National Taiwan University,Taipei,,Taiwan
National University,La Jolla,CA,United States
"National University of Ireland, Galway",Galway,,Ireland
National University of Singapore,Singapore,,Singapore
Naugatuck Valley Community College,Waterbury,CT,United States
Nazareth University (of Rochester),Rochester,NY,United States
Nebraska Wesleyan University,Lincoln,NE,United States
"Nebrija University, Spain",Madrid,,Spain
New England Conservatory of Music,Boston,MA,United States
New England Institute of Technology,East Greenwich,RI,United States
New Jersey Institute of Technology,Newark,NJ,United States
New Mexico Junior College,Hobbs,NM,United States
New Mexico State University Carlsbad,Carlsbad,NM,United States
"New Mexico State University, Las Cruces",Las Cruces,NM,United States
"New School, The",New York,NY,United States
New York City College of Technology,Brooklyn,NY,United States
New York Institute of Technology,Old Westbury,NY,United States
New York University,New York,NY,United States
Newcastle University,Newcastle upon Tyne,,United Kingdom
NEWL National Examinations in World Languages,,,
"NHTI, Concord's Community College",Concord,NH,United States
Niagara County Community College,Sanborn,NY,United States
Niagara University,Niagara University,NY,United States
Nichols College,Dudley,MA,United States
Norco College,Norco,CA,United States
Normandale Community College,Bloomington,MN,United States
North Carolina A & T State University,Greensboro,NC,United States
North Carolina Central University,Durham,NC,United States
North Carolina Community College System,Raleigh,NC,United States
North Carolina State University,Raleigh,NC,United States
North Central Texas College,Gainesville,TX,United States
North Country Community College,Saranac Lake,NY,United States
North Dakota State University,Fargo,ND,United States
North Idaho College,Coeur d'Alene,ID,United States
North Seattle Community College,Seattle,WA,United States
North Shore Community College,Danvers,MA,United States
Northampton CC (form. Northampton County Area CC),Bethlehem,PA,United States
"Northeast Iowa Community College, Calmar Campus",Calmar,IA,United States
Northeast Lakeview College,San Antonio,TX,United States
Northeastern Illinois University,Chicago,IL,United States
Northeastern Technical College,Cheraw,SC,United States
Northeastern University - Professional Studies SEMESTERS,Boston,MA,United States
Northeastern University - Undergraduate Special Programs,Boston,MA,United States
Northeastern University Challenge Exam,Boston,MA,United States
"Northeastern University, London (frmly NCH)",London,,United Kingdom
Northern Arizona University,Flagstaff,AZ,United States
Northern Essex Community College,Haverhill,MA,United States
Northern Vermont University,Johnson,VT,United States
Northern Virginia Community College,Annandale,VA,United States
Northwest Iowa Community College,Sheldon,IA,United States
Northwest Nazarene University,Nampa,ID,United States
Northwest University,Kirkland,WA,United States
Northwest Vista College,San Antonio,TX,United States
Northwestern Michigan College,Traverse City,MI,United States
"Northwestern State University, Louisiana",Natchitoches,LA,United States
Northwestern University,Evanston,IL,United States
Norwalk Community College,Norwalk,CT,United States
Norwich University,Northfield,VT,United States
"Notre Dame of Maryland University, Maryland",Baltimore,MD,United States
Nova Southeastern University,Fort Lauderdale,FL,United States
"NU IN Australia, Swinburne University",Melbourne,,Australia
"NU IN Australia, University of Sydney",Sydney,,Australia
NU IN Boston,Boston,MA,United States
"NU IN Canada, McGill University",Montreal,QC,Canada
"NU IN Czech Republic, University of New York in Prague",Prague,,Czech Republic
"NU IN England, New College of the Humanities",London,,United Kingdom
"NU IN Germany, CIEE at Berlin",Berlin,,Germany
"NU IN Greece, American College of Thessaloniki",Thessaloniki,,Greece
"NU IN Ireland, University College Dublin",Dublin,,Ireland
"NU IN Italy, John Cabot University",Rome,,Italy
"NU IN Oakland, Mills College",Oakland,CA,United States
NU IN Scotland: University of Glasgow,Glasgow,,United Kingdom
NU IN Spain: Madrid SLU,Madrid,,Spain
NU IN: Spain: API Bilbao,Bilbao,,Spain
NUC University - Florida Technical College,Orlando,FL,United States
Nyack College,Nyack,NY,United States
Oakland Community College,Bloomfield Hills,MI,United States
Oakland University,Rochester,MI,United States
Oakton Community College,Des Plaines,IL,United States
Oberlin College,Oberlin,OH,United States
Occidental College,Los Angeles,CA,United States
Ocean County College,Toms River,NJ,United States
Ocean University of China,Qingdao,,China
Ohio State University,Columbus,OH,United States
Ohlone College,Fremont,CA,United States
"Olive-Harvey College, City Colleges of Chicago District",Chicago,IL,United States
Olympic College,Bremerton,WA,United States
Onondaga Community College,Syracuse,NY,United States
Orange Coast College,Costa Mesa,CA,United States
Oregon Institute of Technology,Klamath Falls,OR,United States
Oregon State University,Corvallis,OR,United States
"Oslo Metropolitan University, Norway",Oslo,,Norway
Our Lady of the Lake University,San Antonio,TX,United States
Owens State Community College,Toledo,OH,United States
Oxnard College,Oxnard,CA,United States
Pace University (All Campuses),New York,NY,United States
Palm Beach Atlantic University,West Palm Beach,FL,United States
Palm Beach State College,Lake Worth,FL,United States
Palo Alto College,San Antonio,TX,United States
Palomar College,San Marcos,CA,United States
Pasadena City College,Pasadena,CA,United States
Pasco-Hernando Community College,New Port Richey,FL,United States
Passaic County CC,Paterson,NJ,United States
Patrick Henry College,Purcellville,VA,United States
Patrick Henry Community College,Martinsville,VA,United States
Paul D. Camp Community College,Franklin,VA,United States
Paul Smith's College of Arts and Sciences,Paul Smiths,NY,United States
"Peking University, China",Beijing,,China
"Pelita Harapan University, Indonesia",Tangerang,,Indonesia
Pellissippi State Technical Community College,Knoxville,TN,United States
Peninsula College,Port Angeles,WA,United States
Pennsylvania College of Technology,Williamsport,PA,United States
"Pennsylvania Highlands Community College, (formerly CCACC)",Johnstown,PA,United States
Pennsylvania State University,University Park,PA,United States
Pepperdine University,Malibu,CA,United States
Phoenix College,Phoenix,AZ,United States
Piedmont Virginia Community College,Charlottesville,VA,United States
Pierce College (WA),Lakewood,WA,United States
Pikes Peak Community College,Colorado Springs,CO,United States
Pima County Community College,Tucson,AZ,United States
Pine Manor College,Chestnut Hill,MA,United States
Pitt Community College,Greenville,NC,United States
Pitzer College,Claremont,CA,United States
Plattsburgh State University (SUNY),Plattsburgh,NY,United States
Plymouth State University,Plymouth,NH,United States
"Polytechnic University of Tirana, Albania",Tirana,,Albania
Pomona College,Claremont,CA,United States
"Pontificia Universidad Catolica de Valparaiso, Chile",Valparaíso,,Chile
Pontificia Universidad Catolica del Peru,Lima,,Peru
"Pontificia Universidad Catolica Madre Y Maestra, Dominican R",Santiago,,Dominican Republic
"Pontificia Universidad Catolica, Brazil",São Paulo,,Brazil
Pontificia Universidade Catolica de Chile,Santiago,,Chile
Portland Community College,Portland,OR,United States
Portland State University,Portland,OR,United States
Post University (Teikyo Post University),Waterbury,CT,United States
Pratt Institute (NY),Brooklyn,NY,United States
Pratt Institute (NY) EXCHANGE,Brooklyn,NY,United States
Prince George's Community College,Largo,MD,United States
Princeton University,Princeton,NJ,United States
Providence College,Providence,RI,United States
Purdue University - West Lafayette (Main Campus),West Lafayette,IN,United States
"Queen's University Belfast, Northern Ireland",Belfast,,United Kingdom
"Queen's University, Canada",Kingston,ON,Canada
Queen Mary University of London,London,,United Kingdom
Queens College (CUNY),Queens,NY,United States
Queensborough Community College,Bayside,NY,United States
"Queensland University of Technology, Australia",Brisbane,,Australia
"Quest University, Canada",Squamish,BC,Canada
Quincy College,Quincy,MA,United States
Quinnipiac University,Hamden,CT,United States
Quinsigamond Community College,Worcester,MA,United States
"Radboud University, Netherlands",Nijmegen,,Netherlands
Ramapo College (NJ),Mahwah,NJ,United States
Rancho Santiago Cm Co Dist.(Santa Ana & Santiago Canyon Co),Santa Ana,CA,United States
Rappahannock Community Colllege,Glenns,VA,United States
Raritan Valley Community College,Branchburg,NJ,United States
Red Rocks Community College,Lakewood,CO,United States
Reed College,Portland,OR,United States
Regent's University London,London,,United Kingdom
"Regis College, Massachusetts",Weston,MA,United States
"Regis University, Colorado",Denver,CO,United States
Rend Lake College,Ina,IL,United States
Rensselaer Polytechnic Institute,Troy,NY,United States
"Reykjavik Univeristy, Iceland",Reykjavik,,Iceland
Rhode Island College,Providence,RI,United States
Rhodes College (TN),Memphis,TN,United States
Rice University,Houston,TX,United States
Richard Bland College,Petersburg,VA,United States
"Richard J. Daley College, City Colleges of Chicago District",Chicago,IL,United States
"Richmond American International University - London, England",Richmond,,United Kingdom
Rider University (and Westminster Choir College),Lawrenceville,NJ,United States
Rio Hondo Community College,Whittier,CA,United States
Rio Salado Community College,Tempe,AZ,United States
River Valley Community College,Claremont,NH,United States
Rivier College,Nashua,NH,United States
"RMIT University, Australia",Melbourne,,Australia
"RMIT University, Vietnam",Ho Chi Minh City,,Vietnam
Rochester Institute of Technology,Rochester,NY,United States
Rockhurst University,Kansas City,MO,United States
Rockingham Community College,Wentworth,NC,United States
Rockland Community College (SUNY),Suffern,NY,United States
Roger Williams University,Bristol,RI,United States
Rogers State University,Claremore,OK,United States
Rogue Community College,Grants Pass,OR,United States
Rollins College,Winter Park,FL,United States
Rose Hulman Institute of Technology,Terre Haute,IN,United States
Rowan-Cabarrus Community College,Salisbury,NC,United States
Rowan College at Burlington County,Mount Laurel,NJ,United States
Rowan College of South Jersey,Sewell,NJ,United States
Rowan University,Glassboro,NJ,United States
Roxbury Community College,Roxbury,MA,United States
Rutgers State University of New Jersey,New Brunswick,NJ,United States
"Ryerson University, Canada",Toronto,ON,Canada
Sacramento City College,Sacramento,CA,United States
Sacred Heart University,Fairfield,CT,United States
Saddleback College,Mission Viejo,CA,United States
"Sage Colleges, The (All Campuses)",Troy,NY,United States
Saginaw Valley State University,University Center,MI,United States
Saint Anselm College,Manchester,NH,United States
Saint Augustine's University,Raleigh,NC,United States
Saint Bonaventure University,St. Bonaventure,NY,United States
"Saint Francis University, Pennsylvania",Loretto,PA,United States
Saint Louis University,St. Louis,MO,United States
Saint Mary's College of California,Moraga,CA,United States
Saint Mary's University of Minnesota,Winona,MN,United States
Saint Michael's College (VT),Colchester,VT,United States
"Saint Paul College - A Community & Technical College, MN",St. Paul,MN,United States
Saint Thomas University,Miami Gardens,FL,United States
"Saint Vincent College, Pennsylvania",Latrobe,PA,United States
"Salem College, NC",Winston-Salem,NC,United States
Salem Community College (New Jersey),Carneys Point,NJ,United States
Salem State University,Salem,MA,United States
Salisbury University,Salisbury,MD,United States
Salt Lake Community College,Salt Lake City,UT,United States
Salve Regina University,Newport,RI,United States
"Salzburg College, Austria",Salzburg,,Austria
Sampson Community College,Clinton,NC,United States
San Antonio College,San Antonio,TX,United States
San Diego City College,San Diego,CA,United States
San Diego Community College District,San Diego,CA,United States
San Diego Mesa College,San Diego,CA,United States
San Diego State University,San Diego,CA,United States
San Francisco State University,San Francisco,CA,United States
San Joaquin Delta College,Stockton,CA,United States
San Jose City College,San Jose,CA,United States
San Jose State University,San Jose,CA,United States
San Juan College,Farmington,NM,United States
"Sanda University, China",Shanghai,,China
Sandhills Community College,Pinehurst,NC,United States
Santa Barbara City College (Santa Barbara CC District),Santa Barbara,CA,United States
Santa Clara University,Santa Clara,CA,United States
Santa Fe Community College (Florida),Gainesville,FL,United States
Santa Monica College,Santa Monica,CA,United States
Santa Rosa Junior College,Santa Rosa,CA,United States
Santiago Canyon College,Orange,CA,United States
Sarah Lawrence College,Bronxville,NY,United States
Savannah College of Art and Design,Savannah,GA,United States
Savannah Technical College,Savannah,GA,United States
Schenectedy County Community College,Schenectady,NY,United States
"School of the Art Institute of Chicago, The",Chicago,IL,United States
School of Visual Arts (NY),New York,NY,United States
Schoolcraft College,Livonia,MI,United States
Schreiner University,Kerrville,TX,United States
"Sciences Po (Menton, France)",Menton,,France
"Sciences Po (Paris, France)",Paris,,France
"Sciences Po (Poitiers, France)",Poitiers,,France
"Sciences Po (Reims, France)",Reims,,France
Scott Community College,Bettendorf,IA,United States
Scripps College,Claremont,CA,United States
SEA Semester,Woods Hole,MA,United States
SEAmester,Sarasota,FL,United States
Seattle Central College,Seattle,WA,United States
Seattle University,Seattle,WA,United States
Seminole State College of Florida,Sanford,FL,United States
Seton Hall University,South Orange,NJ,United States
Seton Hill University,Greensburg,PA,United States
SFS Chile,Santiago,,Chile
SFS Kenya,Nairobi,,Kenya
SFS Panama,Panama City,,Panama
"Shaanxi Normal University, China",Xi'an,,China
"Shandong Normal University, China",Jinan,,China
"Shandong University of Finance and Economics, China",Jinan,,China
"Shanghai Jiao Tong University, China",Shanghai,,China
"Shanghai Lixin University of Accounting and Finance, China",Shanghai,,China
"Shanghai Maritime University, China",Shanghai,,China
Shanghai Ocean University,Shanghai,,China
"Shanghai University of Electric Power, China",Shanghai,,China
Shasta College,Redding,CA,United States
Shenandoah University,Winchester,VA,United States
"Shenzhen University, China",Shenzhen,,China
Shepherd College,Shepherdstown,WV,United States
"Sheridan College Institute of Tech and Adv Learning, Canada",Oakville,ON,Canada
"Sheridan College, Wyoming",Sheridan,WY,United States
Shoreline Community College,Shoreline,WA,United States
Shorter University,Rome,GA,United States
"Sichuan University, China",Chengdu,,China
Siena College,Loudonville,NY,United States
"Sierra College (Rocklin, CA)",Rocklin,CA,United States
Simmons University,Boston,MA,United States
"Simon Fraser University, Canada",Burnaby,BC,Canada
Sinclair Community College,Dayton,OH,United States
Singapore-Cambridge GCE,Singapore,,Singapore
Singapore Management University,Singapore,,Singapore
SIT Study Abroad,Brattleboro,VT,United States
"SKEMA Business School, France",Sophia Antipolis,,France
Skidmore College,Saratoga Springs,NY,United States
Skyline College,San Bruno,CA,United States
Smith College,Northampton,MA,United States
Snead State Community College,Boaz,AL,United States
Snow College,Ephraim,UT,United States
SOAS University of London,London,,United Kingdom
Sogang University,Seoul,,South Korea
South Carolina State University,Orangeburg,SC,United States
"South China Normal University, China",Guangzhou,,China
South College,Knoxville,TN,United States
South Dakota School of Mines and Technology,Rapid City,SD,United States
South Dakota State University,Brookings,SD,United States
South Louisiana Community College,Lafayette,LA,United States
South Piedmont Community College,Polkton,NC,United States
South Puget Sound Community College,Olympia,WA,United States
South Texas College,McAllen,TX,United States
"South University, Virginia",Virginia Beach,VA,United States
Southcentral Kentucky Community and Technical College,Bowling Green,KY,United States
Southeast Community College,Lincoln,NE,United States
Southeast Missouri State University,Cape Girardeau,MO,United States
Southeastern Baptist Theological Seminary,Wake Forest,NC,United States
Southeastern Community College,West Burlington,IA,United States
"Southeastern University, Florida (formerly Southeastern Coll",Lakeland,FL,United States
Southern Adventist University,Collegedale,TN,United States
Southern California University of Health Sciences,Whittier,CA,United States
Southern Connecticut State University,New Haven,CT,United States
Southern Maine Community College,South Portland,ME,United States
Southern Methodist University,Dallas,TX,United States
Southern New Hampshire University,Manchester,NH,United States
Southern Oregon University,Ashland,OR,United States
Southwest Minnesota State University,Marshall,MN,United States
Southwest Minzu University,Chengdu,,China
Southwest Virginia Community College,Richlands,VA,United States
"Southwestern College, California",Chula Vista,CA,United States
"Southwestern Community College, North Carolina",Sylva,NC,United States
Southwestern Illinois College,Belleville,IL,United States
Southwestern Oklahoma State University,Weatherford,OK,United States
"Southwestern University Finance and Economics, China",Chengdu,,China
"Southwestern University, Texas",Georgetown,TX,United States
Spartanburg Community College,Spartanburg,SC,United States
Spelman College,Atlanta,GA,United States
Springfield Technical Community College,Springfield,MA,United States
St. Charles Community College,Cottleville,MO,United States
St. Cloud State University,St. Cloud,MN,United States
"St. Francis College, New York",Brooklyn,NY,United States
"St. John's College Junior College, Belize",Belize City,,Belize
St. John's University,Queens,NY,United States
St. Johns River Community College and Florida School of Arts,Palatka,FL,United States
St. Joseph's College - New York (Brooklyn),Brooklyn,NY,United States
St. Joseph's University (Philadelphia),Philadelphia,PA,United States
St. Lawrence University,Canton,NY,United States
St. Louis Community College,St. Louis,MO,United States
St. Olaf College,Northfield,MN,United States
St. Petersburg College,St. Petersburg,FL,United States
St. Philip's College,San Antonio,TX,United States
St. Thomas Aquinas College,Sparkill,NY,United States
Stanford University,Stanford,CA,United States
"Stanford University, Continuing Studies Program",Stanford,CA,United States
State College of Florida Manatee-Sarasota,Bradenton,FL,United States
Stephen F. Austin State University,Nacogdoches,TX,United States
Stetson University,DeLand,FL,United States
Stevens Institute of Technology,Hoboken,NJ,United States
"Stockholm University, Sweden",Stockholm,,Sweden
Stockton University,Galloway,NJ,United States
Stonehill College,Easton,MA,United States
"Strayer University, All Campuses",Washington,DC,United States
"Studio Art College International, Italy",Florence,,Italy
"Study at Universidad Veritas, Costa Rica",San José,,Costa Rica
Suffolk County Community College,Selden,NY,United States
Suffolk University,Boston,MA,United States
Sullivan County CC (SUNY),Loch Sheldrake,NY,United States
SUNY Adirondack (Adirondack Community College),Queensbury,NY,United States
SUNY Albany,Albany,NY,United States
SUNY Binghamton,Binghamton,NY,United States
SUNY Buffalo,Buffalo,NY,United States
SUNY Canton,Canton,NY,United States
SUNY Cobleskill - College of Agriculture & Technology,Cobleskill,NY,United States
SUNY College of Environmental Science and Forestry,Syracuse,NY,United States
SUNY Empire State College,Saratoga Springs,NY,United States
SUNY Farmingdale,Farmingdale,NY,United States
SUNY New Paltz,New Paltz,NY,United States
SUNY Old Westbury,Old Westbury,NY,United States
SUNY Orange CCC,Middletown,NY,United States
SUNY Oswego,Oswego,NY,United States
SUNY Potsdam,Potsdam,NY,United States
SUNY Purchase (Purchase College),Purchase,NY,United States
SUNY Stony Brook,Stony Brook,NY,United States
SUNY Westchester (Westchester Community College),Valhalla,NY,United States
Susquehanna University,Selinsgrove,PA,United States
Sussex County Community College,Newton,NJ,United States
"Swinburne University of Technology, Australia",Melbourne,,Australia
Swiss Maturity Exam,,,Switzerland
Syracuse University,Syracuse,NY,United States
Tacoma Community College,Tacoma,WA,United States
Taft College,Taft,CA,United States
"Taras Shevchenko Kyiv National University, Ukraine",Kyiv,,Ukraine
Tarrant County College,Fort Worth,TX,United States
"Taylor's University College, Malaysia",Subang Jaya,,Malaysia
Taylor University,Upland,IN,United States
Technion Israel Institute of Technology,Haifa,,Israel
"Tel Aviv University, Israel",Tel Aviv,,Israel
Temple University,Philadelphia,PA,United States
Texas A&M University (Corpus Christi),Corpus Christi,TX,United States
"Texas A&M, College Station",College Station,TX,United States
Texas Christian University,Fort Worth,TX,United States
Texas Southmost College,Brownsville,TX,United States
Texas State Technical College System - Harlingen,Harlingen,TX,United States
Texas State Technical College System - Marshall,Marshall,TX,United States
Texas State Technical College System - West Texas,Sweetwater,TX,United States
Texas State Technical College System (All Campuses),Waco,TX,United States
Texas State University,San Marcos,TX,United States
Thomas College,Waterville,ME,United States
Thomas Edison State University,Trenton,NJ,United States
Thomas Nelson Community College,Hampton,VA,United States
Three Rivers College,Poplar Bluff,MO,United States
Three Rivers Community College,Norwich,CT,United States
"Tianjin Foreign Studies University, China",Tianjin,,China
Tidewater Community College,Norfolk,VA,United States
Toccoa Falls College,Toccoa Falls,GA,United States
"Tokyo Institute of Technology, Japan",Tokyo,,Japan
Tompkins Cortland Community College,Dryden,NY,United States
Towson University,Towson,MD,United States
Trident Technical College,Charleston,SC,United States
Trine University,Angola,IN,United States
Trinity College (Connecticut),Hartford,CT,United States
Trinity College Dublin,Dublin,,Ireland
Triton College,River Grove,IL,United States
Trocaire College,Buffalo,NY,United States
Truckee Meadows CC,Reno,NV,United States
Truett-McConnell College,Cleveland,GA,United States
"Tsinghua University, China",Beijing,,China
Tufts University,Medford,MA,United States
Tulane University,New Orleans,LA,United States
Tulsa Community College,Tulsa,OK,United States
"Tunghai University, Taiwan",Taichung,,Taiwan
Tunxis Community College,Farmington,CT,United States
Ulster County Community College (SUNY),Stone Ridge,NY,United States
UMASS - Amherst,Amherst,MA,United States
UMASS - Boston,Boston,MA,United States
UMASS - Dartmouth,North Dartmouth,MA,United States
UMASS - Lowell,Lowell,MA,United States
"Umbra Institute, Italy",Perugia,,Italy
Union College (New York),Schenectady,NY,United States
Union County College (all campuses),Cranford,NJ,United States
United States Air Force Academy,Colorado Springs,CO,United States
United States Coast Guard Academy,New London,CT,United States
United States Military Academy,West Point,NY,United States
United States Naval Academy,Annapolis,MD,United States
United States Sports Academy,Daphne,AL,United States
"Universidad Americana, Nicaragua",Managua,,Nicaragua
"Universidad de Belgrano, Argentina",Buenos Aires,,Argentina
"Universidad de Ingenieria y Tecnologia, Peru",Lima,,Peru
"Universidad de las Americas Puebla, Mexico",Puebla,,Mexico
"Universidad de Lima, Peru",Lima,,Peru
"Universidad de los Andes, Chile",Santiago,,Chile
"Universidad de Monterrey, Mexico",Monterrey,,Mexico
"Universidad de Montevideo, Uruguay",Montevideo,,Uruguay
"Universidad de Navarra, Spain",Pamplona,,Spain
"Universidad de Salamanca, Spain",Salamanca,,Spain
"Universidad de Sevilla, Spain",Seville,,Spain
Universidad Del Sagrado Corazon (Puerto Rico),San Juan,PR,United States
"Universidad del Salvador, Argentina",Buenos Aires,,Argentina
Universidad del Valle de Guatemala,Guatemala City,,Guatemala
Universidad Europea de Madrid,Madrid,,Spain
"Universidad Francisco de Vitoria, Spain",Madrid,,Spain
"Universidad Francisco Marroquin, Guatemala",Guatemala City,,Guatemala
"Universidad Iberoamericana, Dominican Republic",Santo Domingo,,Dominican Republic
"Universidad Pablo de Olavide, Spain",Seville,,Spain
"Universidad Politecnica De Valencia, Spain",Valencia,,Spain
"Universidad Pontificia Comillas, Spain",Madrid,,Spain
Universidad Rafael Landivar,Guatemala City,,Guatemala
"Universidad Rey Juan Carlos, Spain",Madrid,,Spain
"Universidad San Francisco De Quito, Ecuador",Quito,,Ecuador
"Universidade Do Porto, Portugal",Porto,,Portugal
"Universidade Nova de Lisboa, Portugal",Lisbon,,Portugal
"Universita Cattolica del Sacro Cuore, Italy",Milan,,Italy
"Universita degli Studi di Napoli Federico II, Italy",Naples,,Italy
Universita di Parma,Parma,,Italy
"Universitat de Barcelona, Spain",Barcelona,,Spain
"Universitat de Vic, Spain",Vic,,Spain
"Universitat Paderborn, Germany",Paderborn,,Germany
"Universitat Pompeu Fabra, Spain",Barcelona,,Spain
"Universitat Rovira i Virgili, Spain",Tarragona,,Spain
"Universite de Geneve, Switzerland",Geneva,,Switzerland
Universite Jean Moulin Lyon III (France),Lyon,,France
"Universite Paris-Dauphine, France",Paris,,France
"University College Cork, Ireland",Cork,,Ireland
"University College Dublin, Ireland",Dublin,,Ireland
University College London,London,,United Kingdom
"University College London Summer School, England",London,,United Kingdom
University of Akron,Akron,OH,United States
University of Alabama in Huntsville,Huntsville,AL,United States
"University of Alabama, The",Tuscaloosa,AL,United States
University of Alaska- Fairbanks,Fairbanks,AK,United States
University of Alaska Anchorage,Anchorage,AK,United States
"University of Amsterdam, Netherlands",Amsterdam,,Netherlands
University of Arizona,Tucson,AZ,United States
University of Arizona Global Campus,Chandler,AZ,United States
University of Arkansas at Fort Smith,Fort Smith,AR,United States
University of Arkansas at Little Rock,Little Rock,AR,United States
"University of Arkansas, Fayetteville",Fayetteville,AR,United States
"University of Auckland, New Zealand",Auckland,,New Zealand
University of Bahrain,Sakhir,,Bahrain
University of Baltimore,Baltimore,MD,United States
"University of Birmingham, England",Birmingham,,United Kingdom
University of Bridgeport,Bridgeport,CT,United States
"University of Bristol, England",Bristol,,United Kingdom
"University of British Columbia, Canada",Vancouver,BC,Canada
University of California - Berkeley,Berkeley,CA,United States
"University of California - Berkeley, EXTENTION",Berkeley,CA,United States
University of California - Davis,Davis,CA,United States
University of California - Irvine,Irvine,CA,United States
University of California - Los Angeles (UCLA),Los Angeles,CA,United States
University of California - Los Angeles (UCLA) EXTENTION,Los Angeles,CA,United States
University of California - Merced,Merced,CA,United States
University of California - Riverside,Riverside,CA,United States
University of California - San Diego,San Diego,CA,United States
University of California - San Diego EXTENSION,San Diego,CA,United States
University of California - Santa Barbara,Santa Barbara,CA,United States
University of California - Santa Cruz,Santa Cruz,CA,United States
"University of Cambridge, Pembroke College, England",Cambridge,,United Kingdom
"University of Canterbury, New Zealand",Christchurch,,New Zealand
University of Cape Town,Cape Town,,South Africa
University of Central Florida,Orlando,FL,United States
"University of Chicago, The",Chicago,IL,United States
University of Cincinnati (all campuses),Cincinnati,OH,United States
University of Colorado - Colorado Springs,Colorado Springs,CO,United States
University of Colorado (Boulder),Boulder,CO,United States
University of Colorado (Denver),Denver,CO,United States
University of Connecticut,Storrs,CT,United States
"University of Copenhagen, Denmark",Copenhagen,,Denmark
University of Delaware,Newark,DE,United States
University of Denver,Denver,CO,United States
"University of Deusto, Spain",Bilbao,,Spain
"University of Dundee, Scotland",Dundee,,United Kingdom
"University of East Anglia, England",Norwich,,United Kingdom
University of Edinburgh,Edinburgh,,United Kingdom
University of Evansville,Evansville,IN,United States
"University of Exeter, United Kingdom",Exeter,,United Kingdom
University of Florida,Gainesville,FL,United States
University of Georgia,Athens,GA,United States
University of Ghana,Accra,,Ghana
"University of Groningen, Netherlands",Groningen,,Netherlands
University of Hartford,West Hartford,CT,United States
University of Hawaii - Manoa,Honolulu,HI,United States
University of Hawaii - West O'ahu,Kapolei,HI,United States
University of Hawaii Maui College,Kahului,HI,United States
"University of Helsinki, Finland",Helsinki,,Finland
University of Hong Kong,Hong Kong,,China
University of Houston,Houston,TX,United States
"University of Hyderabad, India",Hyderabad,,India
University of Iceland,Reykjavik,,Iceland
University of Idaho,Moscow,ID,United States
University of Illinois at Chicago,Chicago,IL,United States
University of Illinois at Urbana-Champaign,Urbana,IL,United States
University of Iowa,Iowa City,IA,United States
University of Kansas,Lawrence,KS,United States
University of Kentucky,Lexington,KY,United States
University of La Verne,La Verne,CA,United States
"University of Limerick, Ireland",Limerick,,Ireland
University of Liverpool,Liverpool,,United Kingdom
University of Louisiana (Monroe),Monroe,LA,United States
University of Louisville,Louisville,KY,United States
University of Lynchburg,Lynchburg,VA,United States
University of Maine - Augusta,Augusta,ME,United States
University of Maine - Farmington,Farmington,ME,United States
University of Maine - Machias,Machias,ME,United States
University of Maine - Orono,Orono,ME,United States
University of Maine at Presque Isle,Presque Isle,ME,United States
University of Maine Fort Kent,Fort Kent,ME,United States
University of Manchester,Manchester,,United Kingdom
University of Maryland - Baltimore County,Baltimore,MD,United States
University of Maryland - Global Campus,Adelphi,MD,United States
University of Maryland at College Park,College Park,MD,United States
"University of Melbourne, Australia",Melbourne,,Australia
"University of Memphis, The",Memphis,TN,United States
University of Miami - Florida,Coral Gables,FL,United States
University of Michigan (Ann Arbor),Ann Arbor,MI,United States
University of Minnesota - Morris,Morris,MN,United States
University of Minnesota - Twin Cities,Minneapolis,MN,United States
"University of Minnesota, (Duluth)",Duluth,MN,United States
University of Missouri - St. Louis,St. Louis,MO,United States
"University of Missouri, Columbia",Columbia,MO,United States
"University of Montana, The - Missoula",Missoula,MT,United States
University of Mount Olive,Mount Olive,NC,United States
University of Nebraska - Kearney,Kearney,NE,United States
University of Nebraska - Lincoln,Lincoln,NE,United States
University of Nebraska - Omaha,Omaha,NE,United States
University of Nevada - Las Vegas,Las Vegas,NV,United States
University of Nevada - Reno,Reno,NV,United States
University of New Brunswick,Fredericton,NB,Canada
University of New England,Biddeford,ME,United States
University of New Hampshire,Durham,NH,United States
University of New Haven,West Haven,CT,United States
University of New Orleans,New Orleans,LA,United States
University of North Alabama,Florence,AL,United States
University of North Carolina - Chapel Hill,Chapel Hill,NC,United States
University of North Carolina - Charlotte,Charlotte,NC,United States
University of North Carolina - Greensboro,Greensboro,NC,United States
University of North Carolina - Wilmington,Wilmington,NC,United States
"University of North Carolina, Asheville",Asheville,NC,United States
University of North Dakota,Grand Forks,ND,United States
University of North Georgia,Dahlonega,GA,United States
University of North Texas,Denton,TX,United States
University of Northern Iowa,Cedar Falls,IA,United States
University of Northwestern St.Paul,St. Paul,MN,United States
University of Notre Dame,Notre Dame,IN,United States
University of Nottingham (China),Ningbo,,China
University of Oklahoma,Norman,OK,United States
University of Oregon,Eugene,OR,United States
"University of Oxford Exeter College Summer, England",Oxford,,United Kingdom
University of Pennsylvania,Philadelphia,PA,United States
University of Phoenix - All Campuses,Phoenix,AZ,United States
University of Pittsburgh - Pittsburgh Campus,Pittsburgh,PA,United States
University of Pittsburgh Greenburg,Greensburg,PA,United States
University of Portland,Portland,OR,United States
University of Puerto Rico (Rio Piedras Campus),San Juan,PR,United States
University of Puget Sound,Tacoma,WA,United States
"University of Queensland, Australia",Brisbane,,Australia
University of Rhode Island,Kingston,RI,United States
University of Richmond,Richmond,VA,United States
University of Rochester,Rochester,NY,United States
University of San Diego,San Diego,CA,United States
University of San Francisco,San Francisco,CA,United States
"University of Science and Technology, Beijing",Beijing,,China
University of Scranton,Scranton,PA,United States
University of South Carolina - Aiken Campus,Aiken,SC,United States
University of South Carolina - Columbia Campus,Columbia,SC,United States
University of South Dakota,Vermillion,SD,United States
University of South Florida (Tampa),Tampa,FL,United States
University of Southern California,Los Angeles,CA,United States
University of Southern Denmark,Odense,,Denmark
University of Southern Maine,Portland,ME,United States
University of St. Andrews,St. Andrews,,United Kingdom
University of St. Thomas,St. Paul,MN,United States
University of Sydney,Sydney,,Australia
"University of Tampa, The",Tampa,FL,United States
University of Tennessee (Knoxville),Knoxville,TN,United States
University of Tennessee at Martin,Martin,TN,United States
University of Texas - Arlington,Arlington,TX,United States
University of Texas - Austin,Austin,TX,United States
University of Texas - El Paso,El Paso,TX,United States
University of Texas - Rio Grande Valley,Edinburg,TX,United States
University of Texas at Dallas,Richardson,TX,United States
University of Texas at San Antonio,San Antonio,TX,United States
University of the Arts London,London,,United Kingdom
"University of the Arts, The",Philadelphia,PA,United States
University of the Bahamas,Nassau,,Bahamas
"University of the Pacific, California",Stockton,CA,United States
University of the Sciences in Philadelphia,Philadelphia,PA,United States
"University of the West Indies, Trinidad & Tobago",St. Augustine,,Trinidad and Tobago
"University of Tokyo, Japan",Tokyo,,Japan
"University of Toledo, The",Toledo,OH,United States
"University of Toronto, Canada",Toronto,ON,Canada
University of Utah,Salt Lake City,UT,United States
University of Vermont,Burlington,VT,United States
University of Virginia,Charlottesville,VA,United States
University of Waikato,Hamilton,,New Zealand
University of Washington,Seattle,WA,United States
University of West Georgia,Carrollton,GA,United States
University of Wisconsin - Extended Campus,Madison,WI,United States
University of Wisconsin - La Crosse,La Crosse,WI,United States
University of Wisconsin - Madison,Madison,WI,United States
University of Wisconsin - Milwaukee,Milwaukee,WI,United States
University of Wisconsin - Oshkosh,Oshkosh,WI,United States
University of Wisconsin - Stout,Menomonie,WI,United States
University of Wisconsin (Green Bay),Green Bay,WI,United States
"University of Zurich, Switzerland",Zurich,,Switzerland
Urban College of Boston,Boston,MA,United States
Ursinus College,Collegeville,PA,United States
Utah Valley University,Orem,UT,United States
Utica College,Utica,NY,United States
Valencia College,Orlando,FL,United States
Vance-Granville Community College,Henderson,NC,United States
Vassar College,Poughkeepsie,NY,United States
Ventura College,Ventura,CA,United States
Ventura County Community College System Office,Ventura,CA,United States
Vermont State University,Randolph Center,VT,United States
Victor Valley College,Victorville,CA,United States
"Victoria University, Australia",Melbourne,,Australia
"Vienna University of Economics and Business, Austria",Vienna,,Austria
Villanova University,Villanova,PA,United States
Vincennes University,Vincennes,IN,United States
Virginia Commonwealth University,Richmond,VA,United States
Virginia Military Institute,Lexington,VA,United States
Virginia Polytech Inst & State Univ,Blacksburg,VA,United States
Virginia State University,Petersburg,VA,United States
Virginia Western University Community College,Roanoke,VA,United States
Volunteer State Community College,Gallatin,TN,United States
Wake Forest University,Winston-Salem,NC,United States
Wake Technical Community College,Raleigh,NC,United States
Waldorf College,Forest City,IA,United States
Warren County Community College,Washington,NJ,United States
"Waseda University, Japan",Tokyo,,Japan
Washington & Jefferson College,Washington,PA,United States
Washington and Lee University,Lexington,VA,United States
Washington State University,Pullman,WA,United States
Washington University in St. Louis,St. Louis,MO,United States
Washtenaw CC,Ann Arbor,MI,United States
Waubonsee Community College,Sugar Grove,IL,United States
Waukesha County Technical College,Pewaukee,WI,United States
Wayne Community College,Goldsboro,NC,United States
Wayne State University,Detroit,MI,United States
Weber State University,Ogden,UT,United States
"Webster University, Austria",Vienna,,Austria
"Webster University, Switzerland",Geneva,,Switzerland
Wellesley College,Wellesley,MA,United States
Wells College,Aurora,NY,United States
Wentworth Institute of Technology,Boston,MA,United States
Wesleyan College (GA),Macon,GA,United States
"Wesleyan University, CT",Middletown,CT,United States
West Chester University,West Chester,PA,United States
West Hills Community College District,Coalinga,CA,United States
West Los Angeles College (LA Community College District),Culver City,CA,United States
West Texas A&M University,Canyon,TX,United States
West Valley College (West Valley-Mission CC Dist),Saratoga,CA,United States
West Virginia University,Morgantown,WV,United States
Western Carolina University,Cullowhee,NC,United States
Western Colorado University,Gunnison,CO,United States
Western Connecticut State University,Danbury,CT,United States
Western Kentucky University,Bowling Green,KY,United States
Western Michigan University,Kalamazoo,MI,United States
Western Nevada College,Carson City,NV,United States
Western New England College,Springfield,MA,United States
Western Texas College,Snyder,TX,United States
Western Washington University,Bellingham,WA,United States
Western Wyoming Community College,Rock Springs,WY,United States
Westfield State College,Westfield,MA,United States
Westmont College,Santa Barbara,CA,United States
Whatcom Community College,Bellingham,WA,United States
Wheaton College (Illinios),Wheaton,IL,United States
"Wheaton College, Massachusetts",Norton,MA,United States
White Mountains Comminity College,Berlin,NH,United States
"WHU - Otto Beisheim School of Management, Germany",Düsseldorf,,Germany
Wichita State University,Wichita,KS,United States
"Wilbur Wright College, City Colleges of Chicago District",Chicago,IL,United States
William Jessup University,Rocklin,CA,United States
William Paterson University,Wayne,NJ,United States
Williams College,Williamstown,MA,United States
Wilmington University,New Castle,DE,United States
Windward Community College,Kaneohe,HI,United States
Wingate University,Wingate,NC,United States
Winona State University,Winona,MN,United States
Winston-Salem State University,Winston-Salem,NC,United States
Winthrop University,Rock Hill,SC,United States
Worcester Polytechnic Institute,Worcester,MA,United States
Worcester State University,Worcester,MA,United States
Wright State University,Dayton,OH,United States
"Wuhan University, China",Wuhan,,China
Xavier University of Louisiana,New Orleans,LA,United States
"Xi'an Jiaotong - Liverpool University, U.K.",Liverpool,,United Kingdom
"Xi'an Jiaotong Liverpool University, China",Suzhou,,China
Yakima Valley College,Yakima,WA,United States
Yale University,New Haven,CT,United States
"Yeshiva University, NY",New York,NY,United States
"Yonsei University, South Korea",Seoul,,South Korea
York County Community College,Wells,ME,United States
York Technical College,Rock Hill,SC,United States
York University (Canada),Toronto,ON,Canada
Young Harris College,Young Harris,GA,United States
Youngstown State University,Youngstown,OH,United States
"Zhuhai College of Jilin University, China",Zhuhai,,China
"Zurich University of Applied Sciences, Switzerland",Winterthur,,Switzerland
Zurich University of the Arts,Zurich,,Switzerland